keys,en,ja
pal_lamball,Lamball,モコロン,
pal_cattiva,Cattiva,ツッパニャン,
pal_chikipi,Chikipi,タマコッコ,
pal_lifmunk,Lifmunk,クルリス,
pal_fuack,Fuack,カモノスケ,
pal_fuack_ignis,Fuack Ignis,モモノスケ,
pal_vixy,Vixy,タマモ,
pal_celaray,Celaray,ルミカイト,
pal_celaray_lux,Celaray Lux,エレカイト,
pal_cremis,Cremis,ミルフィ,
pal_croajiro,Croajiro,ブシガエル,
pal_croajiro_noct,Croajiro Noct,ドスガエル,
pal_herbil,Herbil,モモンパ,
pal_teafant,Teafant,チョロゾウ,
pal_gumoss,Gumoss,ナエモチ,
pal_pupperai,Pupperai,ポチムネ,
pal_clovee,Clovee,ポワワ,
pal_jolthog,Jolthog,パチグリ,
pal_jolthog_cryst,Jolthog Cryst,コチグリ,
pal_depresso,Depresso,ンダコアラ,
pal_pengullet,Pengullet,ペンタマ,
pal_pengullet_lux,Pengullet Lux,デンタマ,
pal_penking,Penking,キャプペン,
pal_penking_lux,Penking Lux,ペンキッド,
pal_hoocrates,Hoocrates,ホウロック,
pal_melpaca,Melpaca,メルパカ,
pal_kingpaca,Kingpaca,アルパオー,
pal_kingpaca_cryst,Kingpaca Cryst,アオパオー,
pal_daedream,Daedream,ネムラム,
pal_tanzee,Tanzee,エテッパ,
pal_nox,Nox,カレッパ,
pal_flambelle,Flambelle,ラヴィ,
pal_rooby,Rooby,ヒノコジカ,
pal_mau,Mau,ニャオテト,
pal_mau_cryst,Mau Cryst,チルテト,
pal_rushoar,Rushoar,イノボウ,
pal_foxparks,Foxparks,キツネビ,
pal_foxparks_cryst,Foxparks Cryst,ユキツネ,
pal_killamari,Killamari,ヤミイカ,
pal_killamari_primo,Killamari Primo,ユメイカ,
pal_fuddler,Fuddler,モグルン,
pal_eikthyrdeer,Eikthyrdeer,ツノガミ,
pal_eikthyrdeer_terra,Eikthyrdeer Terra,ヤマガミ,
pal_direhowl,Direhowl,ガウルフ,
pal_caprity,Caprity,ベリゴート,
pal_caprity_noct,Caprity Noct,ベノゴート,
pal_swee,Swee,コモップ,
pal_sweepa,Sweepa,ドンモップ,
pal_turtacle,Turtacle,ヘルメッコ,
pal_turtacle_terra,Turtacle Terra,ゴルメッコ,
pal_hangyu,Hangyu,シメナワ,
pal_hangyu_cryst,Hangyu Cryst,オバケナワ,
pal_woolipop,Woolipop,メリポップ,
pal_woolipop_terra,Woolipop Terra,メリコロネ,
pal_mozzarina,Mozzarina,ミルカルビ,
pal_azurobe,Azurobe,アズレーン,
pal_azurobe_cryst,Azurobe Cryst,アズルーナ,
pal_sparkit,Sparkit,ボルトラ,
pal_kelpsea,Kelpsea,ケルピス,
pal_kelpsea_ignis,Kelpsea Ignis,マグピス,
pal_ribbuny,Ribbuny,ヒメウサ,
pal_ribbuny_botan,Ribbuny Botan,ヨモギウサ,
pal_jelliette,Jelliette,クララン,
pal_jellroy,Jellroy,ユララン,
pal_amione,Amione,リオリネ,
pal_gloopie,Gloopie,ヒメンダコ,
pal_gloopie_primo,Gloopie Primo,ユメンダコ,
pal_galeclaw,Galeclaw,エアムルグ,
pal_wispaw,Wispaw,ニャンシー,
pal_nitewing,Nitewing,ホークウィン,
pal_tombat,Tombat,ニャンバット,
pal_tocotoco,Tocotoco,クルットリ,
pal_univolt,Univolt,ライコーン,
pal_univolt_cryst,Univolt Cryst,レイコーン,
pal_gobfin,Gobfin,シャーキッド,
pal_gobfin_ignis,Gobfin Ignis,シャーマンダー,
pal_loupmoon,Loupmoon,ツキカゲ,
pal_loupmoon_cryst,Loupmoon Cryst,ユキカゲ,
pal_cawgnito,Cawgnito,マスクロウ,
pal_arsox,Arsox,ブルフェルノ,
pal_muffly,Muffly,モコチッチ,
pal_bristla,Bristla,イバラヒメ,
pal_cinnamoth,Cinnamoth,パピテフ,
pal_puffolt,Puffolt,パチマル,
pal_elphidran,Elphidran,シルフィア,
pal_elphidran_aqua,Elphidran Aqua,シルティア,
pal_vanwyrm,Vanwyrm,カバネドリ,
pal_vanwyrm_cryst,Vanwyrm Cryst,シロカバネ,
pal_felbat,Felbat,ヤミトバリ,
pal_vaelet,Vaelet,ヴィオレッタ,
pal_beegarde,Beegarde,ビーナイト,
pal_elizabee,Elizabee,クインビーナ,
pal_lovander,Lovander,ラブマンダー,
pal_grintale,Grintale,ニャンギマリ,
pal_tarantriss,Tarantriss,モモンチュラ,
pal_polapup,Polapup,バニザラシ,
pal_polapup_terra,Polapup Terra,チョコザラシ,
pal_leezpunk,Leezpunk,ダリザード,
pal_leezpunk_ignis,Leezpunk Ignis,チリザード,
pal_gorirat,Gorirat,ゴリレイジ,
pal_gorirat_terra,Gorirat Terra,ゴリガイア,
pal_surfent,Surfent,シーペント,
pal_surfent_terra,Surfent Terra,スナペント,
pal_robinquill,Robinquill,フェザーロ,
pal_robinquill_terra,Robinquill Terra,サンドロ,
pal_flopie,Flopie,ポプリーナ,
pal_wixen,Wixen,フォレーナ,
pal_wixen_noct,Wixen Noct,フォレーオ,
pal_katress,Katress,クレメーオ,
pal_katress_ignis,Katress Ignis,クレメーナ,
pal_helzephyr,Helzephyr,ヘルガルダ,
pal_helzephyr_lux,Helzephyr Lux,ライガルダ,
pal_elgrove,Elgrove,モリタロス,
pal_elgrove_cryst,Elgrove Cryst,ユキタロス,
pal_lunaris,Lunaris,ミステリア,
pal_fenglope,Fenglope,ムラクモ,
pal_fenglope_lux,Fenglope Lux,ムラサメ,
pal_dinossom,Dinossom,アロアリュー,
pal_dinossom_lux,Dinossom Lux,ビリビリュー,
pal_bushi,Bushi,ツジギリ,
pal_bushi_noct,Bushi Noct,ヤミウチ,
pal_munchill,Munchill,コチワニ,
pal_mammorest,Mammorest,グランモス,
pal_mammorest_cryst,Mammorest Cryst,ブリザモス,
pal_finsider,Finsider,ガブルミ,
pal_finsider_ignis,Finsider Ignis,ヒグルミ,
pal_petallia,Petallia,フラリーナ,
pal_petallia_ignis,Petallia Ignis,チェリーナ,
pal_leafan,Leafan,リーファン,
pal_incineram,Incineram,ヘルゴート,
pal_incineram_noct,Incineram Noct,アビスゴート,
pal_dazzi,Dazzi,カミナラシ,
pal_dazzi_noct,Dazzi Noct,ヤミナラシ,
pal_pyrin,Pyrin,サラブレイズ,
pal_pyrin_noct,Pyrin Noct,サラブラック,
pal_relaxaurus,Relaxaurus,ペコドン,
pal_relaxaurus_lux,Relaxaurus Lux,パリピドン,
pal_foxcicle,Foxcicle,フブキツネ,
pal_beakon,Beakon,ライバード,
pal_beakon_cryst,Beakon Cryst,チルバード,
pal_ghangler,Ghangler,アンドーン,
pal_ghangler_ignis,Ghangler Ignis,メラドーン,
pal_rayhound,Rayhound,イヌズマ,
pal_rayhound_cryst,Rayhound Cryst,フリーズマ,
pal_menasting,Menasting,デスティング,
pal_menasting_terra,Menasting Terra,ゴルディング,
pal_needoll,Needoll,ハグミー,
pal_needoll_noct,Needoll Noct,ハグユー,
pal_reindrix,Reindrix,ツララジカ,
pal_mossanda,Mossanda,ササゾー,
pal_mossanda_lux,Mossanda Lux,ライゾー,
pal_chillet,Chillet,オコチョ,
pal_chillet_ignis,Chillet Ignis,モモチョ,
pal_ragnahawk,Ragnahawk,イグニクス,
pal_moldron,Moldron,マグマンダー,
pal_moldron_cryst,Moldron Cryst,ブリザンダー,
pal_palumba,Palumba,ココヤンバ,
pal_digtoise,Digtoise,ドリタス,
pal_broncherry,Broncherry,ラブラドン,
pal_broncherry_aqua,Broncherry Aqua,スプラドン,
pal_dumud,Dumud,トドドドン,
pal_dumud_gild,Dumud Gild,ゴルドドン,
pal_braloha,Braloha,トコナッツ,
pal_kitsun,Kitsun,シラヌイ,
pal_kitsun_noct,Kitsun Noct,カゲヌイ,
pal_blazehowl,Blazehowl,ゴクエンオ,
pal_blazehowl_noct,Blazehowl Noct,シンエンオ,
pal_warsect,Warsect,グラクレス,
pal_warsect_terra,Warsect Terra,ゴルクレス,
pal_frostplume,Frostplume,クジャンナ,
pal_majex,Majex,マジョルナ,
pal_sibelyx,Sibelyx,シルキーヌ,
pal_sibelyx_primo,Sibelyx Primo,ソワレーヌ,
pal_maraith,Maraith,ソルレイス,
pal_shroomer,Shroomer,キノッポ,
pal_shroomer_noct,Shroomer Noct,ベノッポ,
pal_icelyn,Icelyn,チルウィッチ,
pal_gildra,Gildra,ヨミーラ,
pal_jormuntide,Jormuntide,レヴィドラ,
pal_jormuntide_ignis,Jormuntide Ignis,アグニドラ,
pal_suzaku,Suzaku,スザク,
pal_suzaku_aqua,Suzaku Aqua,シヴァ,
pal_dazemu,Dazemu,トリステップ,
pal_quivern,Quivern,フェスキー,
pal_quivern_botan,Quivern Botan,フォレスキー,
pal_lullu,Lullu,フワフラワ,
pal_kikit,Kikit,コロマジロ,
pal_yakumo,Yakumo,ヤクモマル,
pal_skutlass,Skutlass,オオタチウオ,
pal_skutlass_ignis,Skutlass Ignis,ヒノタチウオ,
pal_reptyro,Reptyro,ボルカノン,
pal_reptyro_cryst,Reptyro Cryst,フロスカノン,
pal_starryon,Starryon,ナイトロット,
pal_starryon_primo,Starryon Primo,ライトロット,
pal_pierdon,Pierdon,ジオルドン,
pal_pierdon,Pierdon,フロスドン,
pal_cryolinx,Cryolinx,ツンドラー,
pal_cryolinx_terra,Cryolinx Terra,グランドラー,
pal_snugloo,Snugloo,ユキボウ,
pal_wumpo,Wumpo,ヒエティ,
pal_wumpo_botan,Wumpo Botan,トロピティ,
pal_sootseer,Sootseer,オドロクロ,
pal_carnibora,Carnibora,カプリリス,
pal_blazamut,Blazamut,ボルカイザー,
pal_blazamut_ryu,Blazamut Ryu,ボルドラゴ,
pal_dualith,Dualith,ウゴクゾー,
pal_dualith_noct,Dualith Noct,ノロウゾー,
pal_anubis,Anubis,アヌビス,
pal_sekhmet,Sekhmet,セクメト,
pal_prixter,Prixter,ブッサソリ,
pal_prixter_lux,Prixter Lux,ブッサンダー,
pal_tetroise,Tetroise,オモシガメ,
pal_tetroise_primo,Tetroise Primo,オシロガメ,
pal_nyafia,Nyafia,ニャニミテ,
pal_mimog,Mimog,ミミドッグ,
pal_xenovader,Xenovader,ゼノベーダ,
pal_xenogard,Xenogard,ゼノルーダ,
pal_prunelia,Prunelia,プラムルリム,
pal_nitemary,Nitemary,ナイトメアリ,
pal_nitemary_botan,Nitemary Botan,グラスメアリ,
pal_smokie,Smokie,クロマル,
pal_smokie_cryst,Smokie Cryst,フユマル,
pal_omascul,Omascul,オーメン,
pal_whalaska,Whalaska,コゴエール,
pal_whalaska_ignis,Whalaska Ignis,モモエール,
pal_verdash,Verdash,ラベロット,
pal_splatterina,Splatterina,ヤンデリナ,
pal_gildane,Gildane,キンガゼル,
pal_dogen,Dogen,ワンフー,
pal_bulldosu,Bulldosu,ドスコイヌ,
pal_celesdir,Celesdir,セレスディア,
pal_celesdir_noct,Celesdir Noct,コスモディア,
pal_astegon,Astegon,ジオラーヴァ,
pal_knocklem,Knocklem,テラナイト,
pal_knocklem_ignis,Knocklem Ignis,マグナイト,
pal_silvegis,Silvegis,アイギルガ,
pal_azurmane,Azurmane,オーマサンダ,
pal_valentail,Valentail,ニャルル,
pal_snock,Snock,デンツム,
pal_snock_terra,Snock Terra,ドンツム,
pal_souffline,Souffline,ポポフィア,
pal_lapiron,Lapiron,バトラビー,
pal_hoodle,Hoodle,フードール,
pal_slowatt,Slowatt,ノンビリリ,
pal_bakemi,Bakemi,ウラミィ,
pal_solmora,Solmora,オーマンボ,
pal_solmora_lux,Solmora Lux,トノサマンボ,
pal_lapure,Lapure,ネモフィ,
pal_eidrolon,Eidrolon,レイバーン,
pal_eidrolon,Eidrolon,ヘルバーン,
pal_dynamoff,Dynamoff,ダイナモフ,
pal_tropicaw,Tropicaw,フラペック,
pal_flaracle,Flaracle,センコ,
pal_ophydia,Ophydia,ハナミズチ,
pal_dupin,Dupin,ラピエール,
pal_roujay,Roujay,アルセーヴ,
pal_venusa,Venusa,メドゥーナ,
pal_mycora,Mycora,マシュリー,
pal_loomen,Loomen,ヴィランタン,
pal_wistella,Wistella,ホシノコ,
pal_solenne,Solenne,モノクローナ,
pal_renjishi,Renjishi,ゴウカブキ,
pal_aegidron,Aegidron,シェルガドラ,
pal_grizzbolt,Grizzbolt,エレパンダ,
pal_lyleen,Lyleen,リリクイン,
pal_lyleen_noct,Lyleen Noct,ルナクイン,
pal_orserk,Orserk,ボルゼクス,
pal_faleris,Faleris,ホルス,
pal_faleris_aqua,Faleris Aqua,イシス,
pal_shadowbeak,Shadowbeak,ゼノグリフ,
pal_selyne,Selyne,セレムーン,
pal_bastigor,Bastigor,ヒョウガオー,
pal_shaolong,Shaolong,シャオロン,
pal_silvance,Silvance,モスローン,
pal_dandilord,Dandilord,ノクサージュ,
pal_bellanoir,Bellanoir,ベラノワール,
pal_bellanoir_libero,Bellanoir Libero,ベラルージュ,
pal_xenolord,Xenolord,ゼノドラン,
pal_hartalis,Hartalis,レジェンディア,
pal_paladius,Paladius,セイントール,
pal_necromus,Necromus,ベイントール,
pal_frostallion,Frostallion,グレイシャル,
pal_frostallion_noct,Frostallion Noct,グレイシャドウ,
pal_neptilius,Neptilius,ネプティオス,
pal_jetragon,Jetragon,ジェッドラン,
pal_panthalus,Panthalus,グランジーラ,
pal_astralym,Astralym,ゼロヴァース,
